‰Ώi,έ’n,“y’n–ΚΟ/’Ψ,’n}‚ΜURL,‚»‚Μ‘Ό,Ϊ“Ήσ‹µ,“ssv‰ζ,’n–Ϊ,—p“r’nζ,’n¨,“y’n —,‘“y•ϋ“Νo,»‹µ,ψ“n‚µ,LIFULL_HOME'S•¨”Τ†,ζψ‘Τ—l,ƒy[ƒWURL,‰οΠ–Ό,‰οΠZ,pattern,‰ζ‘
"
650–‰~",–kC“Ή–k©sΌ•x’¬3’–Ϊ,335.89•½•ϋƒ[ƒgƒ‹ (φ•λ) / 101.6’Ψ,http://local.google.co.jp/maps?q=–kC“Ή–k©sΌ•x’¬3’–Ϊ,,p’n ( “ 8m φ“Ή Τϋ12.7m ) ( “μ 8m φ“Ή Τϋ20.6m ),sX‰»‹ζζ,‘ξ’n,‘ζκνZ‹’nζ,•½’R,—L ,•s—v,"Γ‰Ζ‚ ‚θ 

",‘’k,0105836-0002726,κ”Κ”}‰ξ,https://www.homes.co.jp/tochi/b-1058360002726/,”®‰οΠƒZƒNƒg ”„”ƒ‰c‹Ζ•”,–kC“Ή–k©s‚Ζ‚ρ“c“’¬404,1,‰ζ‘‚ ‚θ
"
950–‰~",–kC“Ή®μsάπΌ6’–Ϊ2309-6,392.89•½•ϋƒ[ƒgƒ‹ (φ•λ) / 118.84’Ψ,http://local.google.co.jp/maps?q=–kC“Ή®μsάπΌ6’–Ϊ2309-6,,Ϊ“Ή‚Θ‚µ ( –k 10.9m φ“Ή Τϋ11.2m ) ( Ό 22m φ“Ή Τϋ8.3m ),sX‰»‹ζζ,‘ξ’n,€Z‹’nζ,•½’R,—L ,•s—v,"Γ‰Ζ‚ ‚θ 

",‘’k,0133553-0000251,κ”C”}‰ξ,https://www.homes.co.jp/tochi/b-1335530000251/,”®‰οΠ“y‰®ƒz[ƒ€•s“®Y@®μ5π’Κ‰c‹Ζ,–kC“Ή®μsάπ’Κ‚P‚W’–Ϊ765-5@SK-II1K,1,‰ζ‘‚ ‚θ
"
880–‰~",–kC“ΉD–ys–k‹ζΒH”π3’–Ϊ,104.14•½•ϋƒ[ƒgƒ‹ / 31.5’Ψ,http://local.google.co.jp/maps?q=–kC“ΉD–ys–k‹ζΒH”π3’–Ϊ,,κ•ϋ ( “μ 8m φ“Ή Τϋ6.3m ),sX‰»‹ζζ,‘ξ’n,‘ζκν’α‘wZ‹κ—p’nζ,•½’R,—L ,•s—v,"Γ‰Ζ‚ ‚θX’nψ“n‰Β 

",‘’k,0143860-0000318,’‡‰ξ,https://www.homes.co.jp/tochi/b-1438600000318/,”®‰οΠmaison@de@leben,–kC“ΉD–ysΌ‹ζ”¬ZπΌ‚S’–Ϊ2-1-2F,1,‰ζ‘‚ ‚θ
"
1,000–‰~",–kC“Ή–k©s“‘“ΰ’¬,516•½•ϋƒ[ƒgƒ‹ (φ•λ) / 156.09’Ψ,http://local.google.co.jp/maps?q=–kC“Ή–k©s“‘“ΰ’¬,,κ•ϋ ( “μ 28.1m φ“Ή Τϋ12.7m ),sX‰»‹ζζ,Gν’n,H‹Ζ’nζ,•½’R,—L ,•s—v,"Γ‰Ζ‚ ‚θ 

",‘’k,0143006-0000271,’‡‰ξ,https://www.homes.co.jp/tochi/b-1430060000271/,”®‰οΠƒvƒƒ[ƒO,–kC“Ή–k©s–{’¬‚P’–Ϊ1”Τ8†,1,‰ζ‘‚ ‚θ
"
600–‰~",–kC“Ή–k©s‚Ζ‚ρ“cΌ’¬,333.44•½•ϋƒ[ƒgƒ‹ (φ•λ) / 100.86’Ψ,http://local.google.co.jp/maps?q=–kC“Ή–k©s‚Ζ‚ρ“cΌ’¬,,κ•ϋ ( –k 8m φ“Ή Τϋ13.9m ),sX‰»‹ζζ,‘ξ’n,‘ζκνZ‹’nζ,•½’R,—L ,•s—v,"Γ‰Ζ‚ ‚θ 

",‘¦,0105836-0002855,κ”Κ”}‰ξ,https://www.homes.co.jp/tochi/b-1058360002855/,”®‰οΠƒZƒNƒg ”„”ƒ‰c‹Ζ•”,–kC“Ή–k©s‚Ζ‚ρ“c“’¬404,1,‰ζ‘‚ ‚θ
"
430–‰~",–kC“ΉD–ys“μ‹ζ—ϊ•‘,"1,392•½•ϋƒ[ƒgƒ‹ (φ•λ) / 421.08’Ψ",http://local.google.co.jp/maps?q=–kC“ΉD–ys“μ‹ζ—ϊ•‘,,κ•ϋ ( “μ“ 6.9m φ“Ή Τϋ18.3m ),sX‰»’²®‹ζζ,΄–μ,–³w’θ,-,—L ,•s—v,"Γ‰Ζ‚ ‚θ 

",‘’k,3902997-0002890,κ”C”}‰ξ,https://www.homes.co.jp/tochi/b-39029970002890/,ƒWƒ“•s“®Y”Μ”„”®‰οΠ,–kC“ΉD–ys“μ‹ζμlπ‚P’–Ϊ1”Τ40†,1,‰ζ‘‚ ‚θ
"
450–‰~",–kC“Ή”ΩsΛ‘q’¬232,232.5•½•ϋƒ[ƒgƒ‹ (φ•λ) / 70.33’Ψ,http://local.google.co.jp/maps?q=–kC“Ή”ΩsΛ‘q’¬232,,κ•ϋ ( “ 8m φ“Ή Τϋ14.9m ),sX‰»‹ζζ,‘ξ’n,‘ζκν’†‚‘wZ‹κ—p’nζ,-,—L ,•s—v,"Γ‰Ζ‚ ‚θX’nψ“n‰Β 

",‘¦,0100123-0002280,κ”Κ”}‰ξ,https://www.homes.co.jp/tochi/b-1001230002280/,”®‰οΠ“y‰®ƒz[ƒ€•s“®Y ”Ωx“X,–kC“Ή”Ωs‘εμ’¬1-21,1,‰ζ‘‚ ‚θ
"
790–‰~",–kC“Ή‹ϊHs—ΞƒP‰1’–Ϊ,413.4•½•ϋƒ[ƒgƒ‹ (φ•λ) / 125.05’Ψ,http://local.google.co.jp/maps?q=–kC“Ή‹ϊHs—ΞƒP‰1’–Ϊ,,p’n ( “ 5.1m φ“Ή Τϋ18.2m ) ( “μΌ 5.3m φ“Ή Τϋ22.7m ),sX‰»‹ζζ,‘ξ’n,‘ζκν’†‚‘wZ‹κ—p’nζ,-,—L ,•s—v,"Γ‰Ζ‚ ‚θ 

",‘’k,0132781-0000559,κ”C”}‰ξ,https://www.homes.co.jp/tochi/b-1327810000559/,”®‰οΠƒnƒEƒXƒlƒNƒXƒgƒXƒe[ƒW,–kC“ΉD–ys–L•½‹ζ–L•½Oπ‚U’–Ϊ1”Τ33†@‘ε“ƒrƒ‹2K,1,‰ζ‘‚ ‚θ
"
500–‰~",–kC“Ή–k©s–kγ,442.97•½•ϋƒ[ƒgƒ‹ (φ•λ) / 133.99’Ψ,http://local.google.co.jp/maps?q=–kC“Ή–k©s–kγ,,κ•ϋ ( “μ“ 10.9m φ“Ή Τϋ25.6m ),sX‰»‹ζζ,‘ξ’n,H‹Ζ’nζ,•½’R,—L ,•s—v,"Γ‰Ζ‚ ‚θ 

",‘’k,0105836-0002604,κ”Κ”}‰ξ,https://www.homes.co.jp/tochi/b-1058360002604/,”®‰οΠƒZƒNƒg ”„”ƒ‰c‹Ζ•”,–kC“Ή–k©s‚Ζ‚ρ“c“’¬404,1,‰ζ‘‚ ‚θ
"
950–‰~",–kC“Ή‘ΡLsΌ\µπ“μ4’–Ϊ,191.44•½•ϋƒ[ƒgƒ‹ (φ•λ) / 57.91’Ψ,http://local.google.co.jp/maps?q=–kC“Ή‘ΡLsΌ\µπ“μ4’–Ϊ,,p’n ( –k 8m φ“Ή Τϋ11.3m ) ( “ 8m φ“Ή Τϋ12.2m ),sX‰»‹ζζ,‘ξ’n,‘ζ“ρν’†‚‘wZ‹κ—p’nζ,-,—L ,•s—v,"Γ‰Ζ‚ ‚θ 

",‘’k,0141967-0000342,’‡‰ξ,https://www.homes.co.jp/tochi/b-1419670000342/,ƒnƒEƒXƒhƒD@”’’’Κ@ƒhƒbƒgƒRƒ€•s“®Y”®‰οΠ,–kC“Ή‘ΡLsΌ\”π“μ‚R’–Ϊ26”Τ16†,1,‰ζ‘‚ ‚θ
"
700–‰~",–kC“Ή]•Κsγ]•Κ“’¬,228.29•½•ϋƒ[ƒgƒ‹ (φ•λ) / 69.05’Ψ,http://local.google.co.jp/maps?q=–kC“Ή]•Κsγ]•Κ“’¬,,p’n ( –k“ 6m φ“Ή Τϋ18m ) ( –kΌ 6m φ“Ή Τϋ4.8m ),sX‰»‹ζζ,‘ξ’n,‘ζκν’α‘wZ‹κ—p’nζ,•½’R,—L ,•s—v,"Γ‰Ζ‚ ‚θX’nψ“n‰Β 

",‘’k,3228202-0000398,κ”Κ”}‰ξ,https://www.homes.co.jp/tochi/b-32282020000398/,”®‰οΠSUMiTAS@SUMiTASD–y““X,–kC“ΉD–ysϊ•Κ‹ζ‘ε’J’n“‚P’–Ϊ3-23,1,‰ζ‘‚ ‚θ
"
780–‰~",–kC“Ή‘ΡLsΌ\Zπ“μ6’–Ϊ,238•½•ϋƒ[ƒgƒ‹ (φ•λ) / 71.99’Ψ,http://local.google.co.jp/maps?q=–kC“Ή‘ΡLsΌ\Zπ“μ6’–Ϊ,,p’n ( “ 7m φ“Ή Τϋ16.3m ) ( –k 8m φ“Ή Τϋ11.3m ),sX‰»‹ζζ,Gν’n,‘ζ“ρν’†‚‘wZ‹κ—p’nζ,-,—L ,•s—v,"Γ‰Ζ‚ ‚θ 

",‘’k,0130970-0000700,κ”C”}‰ξ,https://www.homes.co.jp/tochi/b-1309700000700/,ƒnƒEƒXƒhƒD@‘ΡL@ƒhƒbƒgƒRƒ€•s“®Y”®‰οΠ,–kC“Ή‘ΡLsΌ”π“μ‚P‚S’–Ϊ2”Τ’n1,1,‰ζ‘‚ ‚θ
"
580–‰~",–kC“Ή–k©s—―•ΣεA’¬®1‹ζ,"1,628.19•½•ϋƒ[ƒgƒ‹ (φ•λ) / 492.52’Ψ",http://local.google.co.jp/maps?q=–kC“Ή–k©s—―•ΣεA’¬®1‹ζ,,κ•ϋ ( –k 21.9m φ“Ή Τϋ79m ),”ρόψ‹ζζ,‘ξ’n,€H‹Ζ’nζ,•½’R,—L ,•s—v,"Γ‰Ζ‚ ‚θ 

",‘’k,0105836-0002834,κ”Κ”}‰ξ,https://www.homes.co.jp/tochi/b-1058360002834/,”®‰οΠƒZƒNƒg ”„”ƒ‰c‹Ζ•”,–kC“Ή–k©s‚Ζ‚ρ“c“’¬404,1,‰ζ‘‚ ‚θ
"
670–‰~",–kC“Ή‰Ν“S­’Η’¬V’¬2’–Ϊ,"1,486.81•½•ϋƒ[ƒgƒ‹ (φ•λ) / 449.76’Ψ",http://local.google.co.jp/maps?q=–kC“Ή‰Ν“S­’Η’¬V’¬2’–Ϊ,,κ•ϋ ( “μ 5.4m φ“Ή Τϋ52.9m ),“ssv‰ζ‹ζζO,‘ξ’n,–³w’θ,-,—L ,•s—v,"Γ‰Ζ‚ ‚θX’nψ“n‰Β 

",‘’k,0130970-0000698,κ”Κ”}‰ξ,https://www.homes.co.jp/tochi/b-1309700000698/,ƒnƒEƒXƒhƒD@‘ΡL@ƒhƒbƒgƒRƒ€•s“®Y”®‰οΠ,–kC“Ή‘ΡLsΌ”π“μ‚P‚S’–Ϊ2”Τ’n1,1,‰ζ‘‚ ‚θ
"
120–‰~",–kC“Ή’†μS–{•Κ’¬–k3’–Ϊ,257.39•½•ϋƒ[ƒgƒ‹ (φ•λ) / 77.86’Ψ,http://local.google.co.jp/maps?q=–kC“Ή’†μS–{•Κ’¬–k3’–Ϊ,,κ•ϋ ( “ 10.9m φ“Ή Τϋ9m ),”ρόψ‹ζζ,‘ξ’n,‹ί—Χ¤‹Ζ’nζ,-,—L ,•s—v,"Γ‰Ζ‚ ‚θ 

",‘’k,0141967-0000265,κ”C”}‰ξ,https://www.homes.co.jp/tochi/b-1419670000265/,ƒnƒEƒXƒhƒD@”’’’Κ@ƒhƒbƒgƒRƒ€•s“®Y”®‰οΠ,–kC“Ή‘ΡLsΌ\”π“μ‚R’–Ϊ26”Τ16†,1,‰ζ‘‚ ‚θ
"
800–‰~",–kC“Ή‰ΝΌS‰θΊ’¬““ρπ5’–Ϊ,245.45•½•ϋƒ[ƒgƒ‹ (φ•λ) / 74.24’Ψ,http://local.google.co.jp/maps?q=–kC“Ή‰ΝΌS‰θΊ’¬““ρπ5’–Ϊ,,κ•ϋ ( Ό 10.9m φ“Ή Τϋ10m ),sX‰»‹ζζ,‘ξ’n,‘ζ“ρνZ‹’nζ,-,—L ,•s—v,"Γ‰Ζ‚ ‚θX’nψ“n‰Β 

",‘’k,0130970-0000820,κ”C”}‰ξ,https://www.homes.co.jp/tochi/b-1309700000820/,ƒnƒEƒXƒhƒD@‘ΡL@ƒhƒbƒgƒRƒ€•s“®Y”®‰οΠ,–kC“Ή‘ΡLsΌ”π“μ‚P‚S’–Ϊ2”Τ’n1,1,‰ζ‘‚ ‚θ
"
200–‰~",–kC“Ή–Τ‘–S”ό–y’¬“κπ–k1’–Ϊ,297.61•½•ϋƒ[ƒgƒ‹ (φ•λ) / 90.02’Ψ,http://local.google.co.jp/maps?q=–kC“Ή–Τ‘–S”ό–y’¬“κπ–k1’–Ϊ,,κ•ϋ ( “μ“ 10.9m φ“Ή Τϋ10.9m ),”ρόψ‹ζζ,‘ξ’n,¤‹Ζ’nζ,•½’R,—L ,•s—v,"Γ‰Ζ‚ ‚θ 

",‘’k,0105836-0002831,κ”Κ”}‰ξ,https://www.homes.co.jp/tochi/b-1058360002831/,”®‰οΠƒZƒNƒg ”„”ƒ‰c‹Ζ•”,–kC“Ή–k©s‚Ζ‚ρ“c“’¬404,1,‰ζ‘‚ ‚θ
"
350–‰~",–kC“Ή‰Ν“Sm–y’¬’†m–yΌ2ό,925.57•½•ϋƒ[ƒgƒ‹ (φ•λ) / 279.98’Ψ,http://local.google.co.jp/maps?q=–kC“Ή‰Ν“Sm–y’¬’†m–yΌ2ό,,p’n ( –kΌ φ“Ή Τϋ14.5m ) ( –k“ φ“Ή Τϋ63.6m ),“ssv‰ζ‹ζζO,‘ξ’n,–³w’θ,-,—L ,•s—v,"Γ‰Ζ‚ ‚θX’nψ“n‰Β 

",‘’k,0141967-0000006,κ”C”}‰ξ,https://www.homes.co.jp/tochi/b-1419670000006/,ƒnƒEƒXƒhƒD@”’’’Κ@ƒhƒbƒgƒRƒ€•s“®Y”®‰οΠ,–kC“Ή‘ΡLsΌ\”π“μ‚R’–Ϊ26”Τ16†,1,‰ζ‘‚ ‚θ
"
350–‰~",–kC“Ή‰Ν“Sm–y’¬’†m–yΌ2ό,925.57•½•ϋƒ[ƒgƒ‹ (φ•λ) / 279.98’Ψ,http://local.google.co.jp/maps?q=–kC“Ή‰Ν“Sm–y’¬’†m–yΌ2ό,,p’n ( –kΌ φ“Ή Τϋ14.5m ) ( –k“ φ“Ή Τϋ63.6m ),“ssv‰ζ‹ζζO,‘ξ’n,–³w’θ,-,—L ,•s—v,"Γ‰Ζ‚ ‚θX’nψ“n‰Β 

",‘’k,0130970-0000699,κ”C”}‰ξ,https://www.homes.co.jp/tochi/b-1309700000699/,ƒnƒEƒXƒhƒD@‘ΡL@ƒhƒbƒgƒRƒ€•s“®Y”®‰οΠ,–kC“Ή‘ΡLsΌ”π“μ‚P‚S’–Ϊ2”Τ’n1,1,‰ζ‘‚ ‚θ
"
580–‰~",–kC“Ή‹ϊHsαΌ’¬16-14,247.93•½•ϋƒ[ƒgƒ‹ (φ•λ) / 74.99’Ψ,http://local.google.co.jp/maps?q=–kC“Ή‹ϊHsαΌ’¬16-14,,p’n ( –k 2m φ“Ή Τϋ27m ) ( “ 11m φ“Ή Τϋ9m ),sX‰»‹ζζ,‘ξ’n,‘ζκνZ‹’nζ,-,—L ,•s—v,"Γ‰Ζ‚ ‚θX’nψ“n‰Β 

",‘¦,0128142-0000082,κ‘®κ”C”}‰ξ,https://www.homes.co.jp/tochi/b-1281420000082/,—Lΐ‰οΠƒGƒ€EƒeƒBEƒGƒk,–kC“Ή‹ϊHs‹¤‰h‘ε’Κ‚Q’–Ϊ2”Τ18†,1,‰ζ‘‚Θ‚µ
"
540–‰~",–kC“Ή®μs‹Ρ’¬16’–Ϊ2659-12,257.82•½•ϋƒ[ƒgƒ‹ (φ•λ) / 77.99’Ψ,http://local.google.co.jp/maps?q=–kC“Ή®μs‹Ρ’¬16’–Ϊ2659-12,,κ•ϋ ( “μΌ 8m φ“Ή Τϋ10.9m ),sX‰»‹ζζ,‘ξ’n,‘ζ“ρν’†‚‘wZ‹κ—p’nζ,•½’R,—L ,•s—v,"Γ‰Ζ‚ ‚θX’nψ“n‰Β 

",‘’k,0100124-0002459,κ”C”}‰ξ,https://www.homes.co.jp/tochi/b-1001240002459/,”®‰οΠ“y‰®ƒz[ƒ€•s“®Y ®μx“X,–kC“Ή®μslπΌ‚Q’–Ϊ“y‰®ƒz[ƒ€®μ‚Sπƒrƒ‹‚Q‚e,1,‰ζ‘‚ ‚θ
"
350–‰~",–kC“Ή»μs“lπ“μ6’–Ϊ,535.52•½•ϋƒ[ƒgƒ‹ (φ•λ) / 161.99’Ψ,http://local.google.co.jp/maps?q=–kC“Ή»μs“lπ“μ6’–Ϊ,,κ•ϋ,sX‰»‹ζζ,‘ξ’n,‘ζκνZ‹’nζ,-,—L ,•s—v,"Γ‰Ζ‚ ‚θ 

",‘¦,0143860-0000322,κ‘®κ”C”}‰ξ,https://www.homes.co.jp/tochi/b-1438600000322/,”®‰οΠmaison@de@leben,–kC“ΉD–ysΌ‹ζ”¬ZπΌ‚S’–Ϊ2-1-2F,1,‰ζ‘‚ ‚θ
"
450–‰~",–kC“ΉΞλS“–•Κ’¬––L,289.25•½•ϋƒ[ƒgƒ‹ (φ•λ) / 87.49’Ψ,http://local.google.co.jp/maps?q=–kC“ΉΞλS“–•Κ’¬––L,,“ρ•ϋ ( “μΌ 8m φ“Ή ) ( –kΌ ),”ρόψ‹ζζ,‘ξ’n,‘ζκν’†‚‘wZ‹κ—p’nζ,-,—L ,•s—v,"Γ‰Ζ‚ ‚θ 

",‘’k,0139902-0000325,κ”Κ”}‰ξ,https://www.homes.co.jp/tochi/b-1399020000325/,ƒnƒEƒXƒhƒDIΒH“X@”®‰οΠƒLƒ…ƒAƒeƒbƒN,–kC“ΉD–ys–k‹ζΒHOπ‚S’–Ϊ5-15,1,‰ζ‘‚ ‚θ
"
50–‰~",–kC“Ή»μs°©“ρπ–k7’–Ϊ,405.94•½•ϋƒ[ƒgƒ‹ (φ•λ) / 122.79’Ψ,http://local.google.co.jp/maps?q=–kC“Ή»μs°©“ρπ–k7’–Ϊ,,-,”ρόψ‹ζζ,‘ξ’n,‘ζκν’α‘wZ‹κ—p’nζ,-,—L ,•s—v,"Γ‰Ζ‚ ‚θ 

",‘’k,0143860-0000333,’‡‰ξ,https://www.homes.co.jp/tochi/b-1438600000333/,”®‰οΠmaison@de@leben,–kC“ΉD–ysΌ‹ζ”¬ZπΌ‚S’–Ϊ2-1-2F,1,‰ζ‘‚Θ‚µ
"
660–‰~",–kC“Ή®μsάπΌ4’–Ϊ,204.19•½•ϋƒ[ƒgƒ‹ (φ•λ) / 61.76’Ψ,http://local.google.co.jp/maps?q=–kC“Ή®μsάπΌ4’–Ϊ,,κ•ϋ ( “μΌ 7.2m φ“Ή Τϋ10.9m ),sX‰»‹ζζ,‘ξ’n,‘ζ“ρν’†‚‘wZ‹κ—p’nζ,•½’R,—L ,•s—v,"Γ‰Ζ‚ ‚θX’nψ“n‰Β 

",‘’k,0100124-0002217,κ”C”}‰ξ,https://www.homes.co.jp/tochi/b-1001240002217/,”®‰οΠ“y‰®ƒz[ƒ€•s“®Y ®μx“X,–kC“Ή®μslπΌ‚Q’–Ϊ“y‰®ƒz[ƒ€®μ‚Sπƒrƒ‹‚Q‚e,1,‰ζ‘‚ ‚θ
"
800–‰~",–kC“Ή–k©s“μ’‡’¬2’–Ϊ,442.25•½•ϋƒ[ƒgƒ‹ (φ•λ) / 133.78’Ψ,http://local.google.co.jp/maps?q=–kC“Ή–k©s“μ’‡’¬2’–Ϊ,,κ•ϋ ( “μ“ 12m φ“Ή Τϋ3.6m ),sX‰»‹ζζ,‘ξ’n,‘ζ“ρνZ‹’nζ,•½’R,—L ,•s—v,"Γ‰Ζ‚ ‚θ 

",‘¦,0105836-0002442,κ”Κ”}‰ξ,https://www.homes.co.jp/tochi/b-1058360002442/,”®‰οΠƒZƒNƒg ”„”ƒ‰c‹Ζ•”,–kC“Ή–k©s‚Ζ‚ρ“c“’¬404,1,‰ζ‘‚ ‚θ
"
720–‰~",–kC“Ή”Ωs“ϊ‹g’¬3’–Ϊ36,250.18•½•ϋƒ[ƒgƒ‹ (φ•λ) / 75.67’Ψ,http://local.google.co.jp/maps?q=–kC“Ή”Ωs“ϊ‹g’¬3’–Ϊ36,,κ•ϋ ( “μ 4m „“Ή Κ’uw’θ Τϋ20.3m ) ( “ 4m „“Ή Κ’uw’θ Τϋ10.2m ),sX‰»‹ζζ,‘ξ’n,‘ζκν’α‘wZ‹κ—p’nζ,•½’R,—L ,•s—v,"Γ‰Ζ‚ ‚θX’nψ“n‰Β 

",‘’k,0100123-0001995,κ”C”}‰ξ,https://www.homes.co.jp/tochi/b-1001230001995/,”®‰οΠ“y‰®ƒz[ƒ€•s“®Y ”Ωx“X,–kC“Ή”Ωs‘εμ’¬1-21,1,‰ζ‘‚ ‚θ
"
230–‰~",–kC“Ή»μsΌάπ“μ11’–Ϊ,265.92•½•ϋƒ[ƒgƒ‹ (φ•λ) / 80.44’Ψ,http://local.google.co.jp/maps?q=–kC“Ή»μsΌάπ“μ11’–Ϊ,,κ•ϋ ( Ό 8m φ“Ή Τϋ15m ),”ρόψ‹ζζ,‘ξ’n,‘ζκν’†‚‘wZ‹κ—p’nζ,•½’R,—L ,•s—v,"Γ‰Ζ‚ ‚θ 

","‘’k
iγ•¨‰π‘Μ‚Μ‚½‚ίψ“n‚µϊ—v‘’kj",0107156-0000507,κ”Κ”}‰ξ,https://www.homes.co.jp/tochi/b-1071560000507/,”®‰οΠƒTƒƒPƒ“@»μx“X,–kC“Ή»μs‹σ’m‘Ύ“κπ‚S’–Ϊ1-19-11,1,‰ζ‘‚ ‚θ
"
790–‰~",–kC“Ή”Ωs”’’Ή’¬15-23,326.39•½•ϋƒ[ƒgƒ‹ (φ•λ) / 98.73’Ψ,http://local.google.co.jp/maps?q=–kC“Ή”Ωs”’’Ή’¬15-23,,κ•ϋ ( “μΌ 4m „“Ή Κ’uw’θ Τϋ26.9m ),sX‰»‹ζζ,‘ξ’n,‘ζ“ρν’†‚‘wZ‹κ—p’nζ,•½’R,—L ,•s—v,"Γ‰Ζ‚ ‚θX’nψ“n‰Β 

",‘’k,0100123-0002196,κ”Κ”}‰ξ,https://www.homes.co.jp/tochi/b-1001230002196/,”®‰οΠ“y‰®ƒz[ƒ€•s“®Y ”Ωx“X,–kC“Ή”Ωs‘εμ’¬1-21,1,‰ζ‘‚ ‚θ
"
530–‰~",–kC“Ή‹ϊHsV‹ϊH’¬,241.55•½•ϋƒ[ƒgƒ‹ (φ•λ) / 73.06’Ψ,http://local.google.co.jp/maps?q=–kC“Ή‹ϊHsV‹ϊH’¬,,p’n ( –k“ 6m φ“Ή Τϋ10m ) ( “μ“ 6.8m „“Ή Τϋ15.9m ),sX‰»‹ζζ,‘ξ’n,‘ζκνZ‹’nζ,•½’R,—L ,•s—v,"Γ‰Ζ‚ ‚θX’nψ“n‰Β 

",‘’k,0100128-0002252,κ”C”}‰ξ,https://www.homes.co.jp/tochi/b-1001280002252/,”®‰οΠ“y‰®ƒz[ƒ€•s“®Y@‹ϊHx“X,–kC“Ή‹ϊHs––L’¬‚P‚R’–Ϊ1-2@“y‰®ƒz[ƒ€•s“®Y‹ϊH‰w‘Oƒrƒ‹‚SK,1,‰ζ‘‚ ‚θ
"
720–‰~",–kC“Ή–k©s”ό–F’¬2’–Ϊ,340.45•½•ϋƒ[ƒgƒ‹ / 102.98’Ψ,http://local.google.co.jp/maps?q=–kC“Ή–k©s”ό–F’¬2’–Ϊ,,κ•ϋ ( –k 6m φ“Ή Τϋ12.7m ),sX‰»‹ζζ,‘ξ’n,‘ζ“ρν’†‚‘wZ‹κ—p’nζ,-,—L ,•s—v,"Γ‰Ζ‚ ‚θ 

",‘’k,0144274-0000133,κ”Κ”}‰ξ,https://www.homes.co.jp/tochi/b-1442740000133/,ƒnƒEƒXƒhƒD@–k©@–k©•s“®Y—¬’Κ”®‰οΠ,–kC“Ή–k©s‚‰hΌ’¬‚P’–Ϊ6-22,1,‰ζ‘‚ ‚θ
"
200–‰~",–kC“Ή¬’Ms’·‹΄5’–Ϊ27-31,286.8•½•ϋƒ[ƒgƒ‹ / 86.75’Ψ,http://local.google.co.jp/maps?q=–kC“Ή¬’Ms’·‹΄5’–Ϊ27-31,,p’n ( Ό 7.2m φ“Ή Τϋ18.1m ) ( –k „“Ή Τϋ15.8m ),sX‰»‹ζζ,‘ξ’n,‘ζκν’α‘wZ‹κ—p’nζ,-,—L ,•s—v,"Γ‰Ζ‚ ‚θ 

",‘’k,3904474-0000007,κ‘®κ”C”}‰ξ,https://www.homes.co.jp/tochi/b-39044740000007/,—Lΐ‰οΠ‘ζκZ‹¦,–kC“ΉD–ys–L•½‹ζ”ό‰€lπ‚R’–Ϊ1”Τ20†,1,‰ζ‘‚ ‚θ
"
720–‰~",–kC“Ή‰Ν“S‰ΉX’¬–Ψ–μΌ’Κ14’–Ϊ,266•½•ϋƒ[ƒgƒ‹ (φ•λ) / 80.46’Ψ,http://local.google.co.jp/maps?q=–kC“Ή‰Ν“S‰ΉX’¬–Ψ–μΌ’Κ14’–Ϊ,,κ•ϋ ( Ό 8m φ“Ή Τϋ2.8m ),sX‰»‹ζζ,‘ξ’n,‘ζ“ρν’†‚‘wZ‹κ—p’nζ,-,—L ,•s—v,"Γ‰Ζ‚ ‚θ 

",‘’k,0141967-0000298,κ”Κ”}‰ξ,https://www.homes.co.jp/tochi/b-1419670000298/,ƒnƒEƒXƒhƒD@”’’’Κ@ƒhƒbƒgƒRƒ€•s“®Y”®‰οΠ,–kC“Ή‘ΡLsΌ\”π“μ‚R’–Ϊ26”Τ16†,1,‰ζ‘‚ ‚θ
"
630–‰~",–kC“Ή‹ϊHs’Ήζ–k4’–Ϊ,243.59•½•ϋƒ[ƒgƒ‹ (φ•λ) / 73.68’Ψ,http://local.google.co.jp/maps?q=–kC“Ή‹ϊHs’Ήζ–k4’–Ϊ,,κ•ϋ ( “ 8m φ“Ή Τϋ10.9m ),sX‰»‹ζζ,‘ξ’n,‘ζκν’α‘wZ‹κ—p’nζ,•½’R,—L ,•s—v,"Γ‰Ζ‚ ‚θX’nψ“n‰Β 

",‘’k,0100128-0002360,κ”C”}‰ξ,https://www.homes.co.jp/tochi/b-1001280002360/,”®‰οΠ“y‰®ƒz[ƒ€•s“®Y@‹ϊHx“X,–kC“Ή‹ϊHs––L’¬‚P‚R’–Ϊ1-2@“y‰®ƒz[ƒ€•s“®Y‹ϊH‰w‘Oƒrƒ‹‚SK,1,‰ζ‘‚ ‚θ
"
780–‰~",–kC“Ή‘ΡLsΌ\Zπ“μ6’–Ϊ,238•½•ϋƒ[ƒgƒ‹ (φ•λ) / 71.99’Ψ,http://local.google.co.jp/maps?q=–kC“Ή‘ΡLsΌ\Zπ“μ6’–Ϊ,,p’n ( “ 7m φ“Ή Τϋ16.3m ) ( –k 8m φ“Ή Τϋ11.3m ),sX‰»‹ζζ,Gν’n,‘ζ“ρν’†‚‘wZ‹κ—p’nζ,-,—L ,•s—v,"Γ‰Ζ‚ ‚θ 

",‘’k,0141967-0000033,κ”C”}‰ξ,https://www.homes.co.jp/tochi/b-1419670000033/,ƒnƒEƒXƒhƒD@”’’’Κ@ƒhƒbƒgƒRƒ€•s“®Y”®‰οΠ,–kC“Ή‘ΡLsΌ\”π“μ‚R’–Ϊ26”Τ16†,1,‰ζ‘‚ ‚θ
"
880–‰~",–kC“ΉD–ys”’Ξ‹ζ–k‹½Oπ12’–Ϊ,148.84•½•ϋƒ[ƒgƒ‹ (φ•λ) / 45.02’Ψ,http://local.google.co.jp/maps?q=–kC“ΉD–ys”’Ξ‹ζ–k‹½Oπ12’–Ϊ,,κ•ϋ ( –kΌ 8m φ“Ή Τϋ2m ),sX‰»‹ζζ,‘ξ’n,‘ζ“ρν’α‘wZ‹κ—p’nζ,-,—L ,•s—v,"Γ‰Ζ‚ ‚θ 

",‘¦,0142555-0000013,κ”Κ”}‰ξ,https://www.homes.co.jp/tochi/b-1425550000013/,ƒnƒEƒXƒhƒDI‘ε’J’n“X@–k‰¤ƒz[ƒ‹ƒfƒBƒ“ƒOƒX”®‰οΠ,–kC“ΉD–ysϊ•Κ‹ζ‘ε’J’n“‚R’–Ϊ5-8@‘““Vƒrƒ‹2F,1,‰ζ‘‚ ‚θ
"
700–‰~",–kC“Ή–Τ‘–S”ό–y’¬³’¬,866.84•½•ϋƒ[ƒgƒ‹ / 262.21’Ψ,http://local.google.co.jp/maps?q=–kC“Ή–Τ‘–S”ό–y’¬³’¬,,( –k“ 16m φ“Ή Τϋ7m ),”ρόψ‹ζζ,‘ξ’n,-,-,—L ,•s—v,"Γ‰Ζ‚ ‚θ 

",‘’k,0135138-0000010,κ”Κ”}‰ξ,https://www.homes.co.jp/tochi/b-1351380000010/,–kC“Ή•¨”®‰οΠ@–k©x“X,–kC“Ή–k©s–k“ρπΌ‚R’–Ϊ10”Τ’n@–k“ρπƒrƒ‹3F,1,‰ζ‘‚ ‚θ
"
550–‰~",–kC“Ή‹ϊHsΊa–k2’–Ϊ190-1652A1,400•½•ϋƒ[ƒgƒ‹ (φ•λ) / 121’Ψ,http://local.google.co.jp/maps?q=–kC“Ή‹ϊHsΊa–k2’–Ϊ190-1652A1,,κ•ϋ ( “μ“ 6m φ“Ή Τϋ20m ),sX‰»‹ζζ,‘ξ’n,‘ζκν’α‘wZ‹κ—p’nζ,•½’R,—L ,•s—v,"Γ‰Ζ‚ ‚θX’nψ“n‰Β 

",‘’k,0100128-0002381,κ”C”}‰ξ,https://www.homes.co.jp/tochi/b-1001280002381/,”®‰οΠ“y‰®ƒz[ƒ€•s“®Y@‹ϊHx“X,–kC“Ή‹ϊHs––L’¬‚P‚R’–Ϊ1-2@“y‰®ƒz[ƒ€•s“®Y‹ϊH‰w‘Oƒrƒ‹‚SK,1,‰ζ‘‚ ‚θ
"
580–‰~",–kC“ΉγμS΄…’¬“μ“ρπ12’–Ϊ,"1,291.31•½•ϋƒ[ƒgƒ‹ (φ•λ) / 390.62’Ψ",http://local.google.co.jp/maps?q=–kC“ΉγμS΄…’¬“μ“ρπ12’–Ϊ,,κ•ϋ ( “μ“ 12m φ“Ή Τϋ31.4m ),”ρόψ‹ζζ,‘ξ’n,€H‹Ζ’nζ,-,—L ,•s—v,"Γ‰Ζ‚ ‚θ 

",‘’k,0130970-0000701,κ”Κ”}‰ξ,https://www.homes.co.jp/tochi/b-1309700000701/,ƒnƒEƒXƒhƒD@‘ΡL@ƒhƒbƒgƒRƒ€•s“®Y”®‰οΠ,–kC“Ή‘ΡLsΌ”π“μ‚P‚S’–Ϊ2”Τ’n1,1,‰ζ‘‚ ‚θ
"
980–‰~",–kC“Ή‘«ρS‘«ρ’¬–kZπ1’–Ϊ,"1,250.19•½•ϋƒ[ƒgƒ‹ (φ•λ) / 378.18’Ψ",http://local.google.co.jp/maps?q=–kC“Ή‘«ρS‘«ρ’¬–kZπ1’–Ϊ,,O•ϋ ( –k 8m φ“Ή ) ( “μ 16m φ“Ή ) ( Ό 21m φ“Ή ),”ρόψ‹ζζ,‘ξ’n,‘ζκνZ‹’nζ,-,—L ,•s—v,"Γ‰Ζ‚ ‚θ 

",‘’k,0130970-0000767,κ”Κ”}‰ξ,https://www.homes.co.jp/tochi/b-1309700000767/,ƒnƒEƒXƒhƒD@‘ΡL@ƒhƒbƒgƒRƒ€•s“®Y”®‰οΠ,–kC“Ή‘ΡLsΌ”π“μ‚P‚S’–Ϊ2”Τ’n1,1,‰ζ‘‚ ‚θ
"
970.9–‰~",–kC“Ή‘ΡLsΌlπ“μ2’–Ϊ,168.94•½•ϋƒ[ƒgƒ‹ (φ•λ) / 51.1’Ψ,http://local.google.co.jp/maps?q=–kC“Ή‘ΡLsΌlπ“μ2’–Ϊ,,κ•ϋ ( “μ 20m φ“Ή Τϋ10.9m ),sX‰»‹ζζ,‘ξ’n,‘ζ“ρνZ‹’nζ,-,—L ,•s—v,"Γ‰Ζ‚ ‚θ 

",‘’k,0130970-0000692,κ”Κ”}‰ξ,https://www.homes.co.jp/tochi/b-1309700000692/,ƒnƒEƒXƒhƒD@‘ΡL@ƒhƒbƒgƒRƒ€•s“®Y”®‰οΠ,–kC“Ή‘ΡLsΌ”π“μ‚P‚S’–Ϊ2”Τ’n1,1,‰ζ‘‚ ‚θ
"
250–‰~",–kC“Ή–k©s”ό–F’¬10’–Ϊ,210•½•ϋƒ[ƒgƒ‹ (φ•λ) / 63.52’Ψ,http://local.google.co.jp/maps?q=–kC“Ή–k©s”ό–F’¬10’–Ϊ,,-,sX‰»‹ζζ,Gν’n,‘ζ“ρνZ‹’nζ,•½’R,—L ,•s—v,"Γ‰Ζ‚ ‚θ 

",‘¦,0105836-0001959,κ”Κ”}‰ξ,https://www.homes.co.jp/tochi/b-1058360001959/,”®‰οΠƒZƒNƒg ”„”ƒ‰c‹Ζ•”,–kC“Ή–k©s‚Ζ‚ρ“c“’¬404,1,‰ζ‘‚ ‚θ
"
1,000–‰~",–kC“Ή–k©sK’¬8’–Ϊ,555.73•½•ϋƒ[ƒgƒ‹ (φ•λ) / 168.1’Ψ,http://local.google.co.jp/maps?q=–kC“Ή–k©sK’¬8’–Ϊ,,“ρ•ϋ ( –k 8m φ“Ή Τϋ23.1m ) ( “μ 6m φ“Ή Τϋ11.1m ),sX‰»‹ζζ,‘ξ’n,‹ί—Χ¤‹Ζ’nζ,•½’R,—L ,•s—v,"Γ‰Ζ‚ ‚θ 

",‘¦,0105836-0002747,κ”Κ”}‰ξ,https://www.homes.co.jp/tochi/b-1058360002747/,”®‰οΠƒZƒNƒg ”„”ƒ‰c‹Ζ•”,–kC“Ή–k©s‚Ζ‚ρ“c“’¬404,1,‰ζ‘‚ ‚θ
"
150–‰~",–kC“Ή–Τ‘–S”ό–y’¬O‹΄’¬1’–Ϊ,237•½•ϋƒ[ƒgƒ‹ (φ•λ) / 71.69’Ψ,http://local.google.co.jp/maps?q=–kC“Ή–Τ‘–S”ό–y’¬O‹΄’¬1’–Ϊ,,κ•ϋ ( “μΌ 8m φ“Ή Τϋ10.9m ),”ρόψ‹ζζ,Gν’n,‘ζκνZ‹’nζ,•½’R,—L ,•s—v,"Γ‰Ζ‚ ‚θ 

",‘¦,0105836-0002824,κ”Κ”}‰ξ,https://www.homes.co.jp/tochi/b-1058360002824/,”®‰οΠƒZƒNƒg ”„”ƒ‰c‹Ζ•”,–kC“Ή–k©s‚Ζ‚ρ“c“’¬404,1,‰ζ‘‚ ‚θ
"
100–‰~",–kC“Ή–Τ‘–S”ό–y’¬’‡’¬1’–Ϊ,233.81•½•ϋƒ[ƒgƒ‹ (φ•λ) / 70.72’Ψ,http://local.google.co.jp/maps?q=–kC“Ή–Τ‘–S”ό–y’¬’‡’¬1’–Ϊ,,κ•ϋ ( “μ“ 6m φ“Ή Τϋ20.1m ),”ρόψ‹ζζ,‘ξ’n,‘ζ“ρν’†‚‘wZ‹κ—p’nζ,•½’R,—L ,•s—v,"Γ‰Ζ‚ ‚θ 

",‘¦,0105836-0002822,κ”Κ”}‰ξ,https://www.homes.co.jp/tochi/b-1058360002822/,”®‰οΠƒZƒNƒg ”„”ƒ‰c‹Ζ•”,–kC“Ή–k©s‚Ζ‚ρ“c“’¬404,1,‰ζ‘‚ ‚θ
"
250–‰~",–kC“Ή–k©sς’¬3’–Ϊ,99.3•½•ϋƒ[ƒgƒ‹ (φ•λ) / 30.03’Ψ,http://local.google.co.jp/maps?q=–kC“Ή–k©sς’¬3’–Ϊ,,p’n ( “μΌ 4m φ“Ή Τϋ10m ) ( “μ“ 6m φ“Ή Τϋ6.4m ),sX‰»‹ζζ,‘ξ’n,‘ζ“ρνZ‹’nζ,•½’R,—L ,•s—v,"Γ‰Ζ‚ ‚θ 

",‘’k,0105836-0002437,κ”Κ”}‰ξ,https://www.homes.co.jp/tochi/b-1058360002437/,”®‰οΠƒZƒNƒg ”„”ƒ‰c‹Ζ•”,–kC“Ή–k©s‚Ζ‚ρ“c“’¬404,1,‰ζ‘‚ ‚θ
"
100–‰~",–kC“Ή–k©s‚Ζ‚ρ“cΌ’¬,201.67•½•ϋƒ[ƒgƒ‹ (φ•λ) / 61’Ψ,http://local.google.co.jp/maps?q=–kC“Ή–k©s‚Ζ‚ρ“cΌ’¬,,κ•ϋ ( “ 7.2m φ“Ή Τϋ2.7m ),sX‰»‹ζζ,‘ξ’n,‘ζκνZ‹’nζ,•½’R,—L ,•s—v,"Γ‰Ζ‚ ‚θ 

",‘¦,0105836-0002625,κ”Κ”}‰ξ,https://www.homes.co.jp/tochi/b-1058360002625/,”®‰οΠƒZƒNƒg ”„”ƒ‰c‹Ζ•”,–kC“Ή–k©s‚Ζ‚ρ“c“’¬404,1,‰ζ‘‚ ‚θ
"
200–‰~",–kC“Ή–Τ‘–S”ό–y’¬”ό—Ά,343.58•½•ϋƒ[ƒgƒ‹ (φ•λ) / 103.93’Ψ,http://local.google.co.jp/maps?q=–kC“Ή–Τ‘–S”ό–y’¬”ό—Ά,,κ•ϋ ( “μΌ 4.5m „“Ή Τϋ13.2m ),”ρόψ‹ζζ,‘ξ’n,H‹Ζ’nζ,•½’R,—L ,•s—v,"Γ‰Ζ‚ ‚θ 

",‘¦,0105836-0002805,κ”Κ”}‰ξ,https://www.homes.co.jp/tochi/b-1058360002805/,”®‰οΠƒZƒNƒg ”„”ƒ‰c‹Ζ•”,–kC“Ή–k©s‚Ζ‚ρ“c“’¬404,1,‰ζ‘‚ ‚θ
"
90–‰~",–kC“Ή–Τ‘–S”ό–y’¬O‹΄’¬1’–Ϊ,288.29•½•ϋƒ[ƒgƒ‹ (φ•λ) / 87.2’Ψ,http://local.google.co.jp/maps?q=–kC“Ή–Τ‘–S”ό–y’¬O‹΄’¬1’–Ϊ,,κ•ϋ ( –kΌ 8m φ“Ή Τϋ12.7m ),”ρόψ‹ζζ,‘ξ’n,‘ζκνZ‹’nζ,•½’R,—L ,•s—v,"Γ‰Ζ‚ ‚θ 

",‘¦,0105836-0002828,κ”Κ”}‰ξ,https://www.homes.co.jp/tochi/b-1058360002828/,”®‰οΠƒZƒNƒg ”„”ƒ‰c‹Ζ•”,–kC“Ή–k©s‚Ζ‚ρ“c“’¬404,1,‰ζ‘‚ ‚θ
"
530–‰~",–kC“Ή–k©sχ’¬3’–Ϊ,298.57•½•ϋƒ[ƒgƒ‹ / 90.31’Ψ,http://local.google.co.jp/maps?q=–kC“Ή–k©sχ’¬3’–Ϊ,,κ•ϋ ( –kΌ 10m φ“Ή Τϋ9m ),sX‰»‹ζζ,Gν’n,‘ζ“ρνZ‹’nζ,-,—L ,•s—v,"Γ‰Ζ‚ ‚θ 

",‘’k,0144274-0000187,κ”Κ”}‰ξ,https://www.homes.co.jp/tochi/b-1442740000187/,ƒnƒEƒXƒhƒD@–k©@–k©•s“®Y—¬’Κ”®‰οΠ,–kC“Ή–k©s‚‰hΌ’¬‚P’–Ϊ6-22,1,‰ζ‘‚ ‚θ
"
80–‰~",–kC“Ή–k©s”ό–F’¬3’–Ϊ,329.74•½•ϋƒ[ƒgƒ‹ (φ•λ) / 99.74’Ψ,http://local.google.co.jp/maps?q=–kC“Ή–k©s”ό–F’¬3’–Ϊ,,κ•ϋ ( “μ 12m φ“Ή Τϋ12.7m ),sX‰»‹ζζ,‘ξ’n,‘ζ“ρνZ‹’nζ,XΞ’n,—L ,•s—v,"Γ‰Ζ‚ ‚θ 

",‘’k,0105836-0002631,κ”Κ”}‰ξ,https://www.homes.co.jp/tochi/b-1058360002631/,”®‰οΠƒZƒNƒg ”„”ƒ‰c‹Ζ•”,–kC“Ή–k©s‚Ζ‚ρ“c“’¬404,1,‰ζ‘‚ ‚θ
"
480–‰~",–kC“Ή–k©s‚‰hΌ’¬8’–Ϊ,338.1•½•ϋƒ[ƒgƒ‹ (φ•λ) / 102.27’Ψ,http://local.google.co.jp/maps?q=–kC“Ή–k©s‚‰hΌ’¬8’–Ϊ,,κ•ϋ ( “ 8m φ“Ή Τϋ13.8m ),sX‰»‹ζζ,‘ξ’n,‘ζκν’α‘wZ‹κ—p’nζ,-,—L ,•s—v,"Γ‰Ζ‚ ‚θX’nψ“n‰Β 

",‘’k,0144274-0000332,’‡‰ξ,https://www.homes.co.jp/tochi/b-1442740000332/,ƒnƒEƒXƒhƒD@–k©@–k©•s“®Y—¬’Κ”®‰οΠ,–kC“Ή–k©s‚‰hΌ’¬‚P’–Ϊ6-22,1,‰ζ‘‚ ‚θ
"
80–‰~",–kC“Ή–Τ‘–S”ό–y’¬–μθ,256.25•½•ϋƒ[ƒgƒ‹ (φ•λ) / 77.51’Ψ,http://local.google.co.jp/maps?q=–kC“Ή–Τ‘–S”ό–y’¬–μθ,,“ρ•ϋ ( –kΌ 11m φ“Ή Τϋ13.9m ) ( “μΌ 13m φ“Ή Τϋ11.4m ),”ρόψ‹ζζ,‘ξ’n,‘ζ“ρν’†‚‘wZ‹κ—p’nζ,•½’R,—L ,•s—v,"Γ‰Ζ‚ ‚θ 

",‘¦,0105836-0002829,κ”Κ”}‰ξ,https://www.homes.co.jp/tochi/b-1058360002829/,”®‰οΠƒZƒNƒg ”„”ƒ‰c‹Ζ•”,–kC“Ή–k©s‚Ζ‚ρ“c“’¬404,1,‰ζ‘‚ ‚θ
"
500–‰~",–kC“Ή–k©s‚‰hΌ’¬9’–Ϊ,325.41•½•ϋƒ[ƒgƒ‹ / 98.43’Ψ,http://local.google.co.jp/maps?q=–kC“Ή–k©s‚‰hΌ’¬9’–Ϊ,,“ρ•ϋ ( “μ 8m φ“Ή Τϋ20.9m ) ( Ό 8m φ“Ή Τϋ10.7m ),sX‰»‹ζζ,‘ξ’n,‘ζκν’α‘wZ‹κ—p’nζ,-,—L ,•s—v,"Γ‰Ζ‚ ‚θ 

",‘’k,0144274-0000008,’‡‰ξ,https://www.homes.co.jp/tochi/b-1442740000008/,ƒnƒEƒXƒhƒD@–k©@–k©•s“®Y—¬’Κ”®‰οΠ,–kC“Ή–k©s‚‰hΌ’¬‚P’–Ϊ6-22,1,‰ζ‘‚ ‚θ
"
50–‰~",–kC“Ή–Τ‘–S’Γ•Κ’¬‹¤a,683.78•½•ϋƒ[ƒgƒ‹ (φ•λ) / 206.84’Ψ,http://local.google.co.jp/maps?q=–kC“Ή–Τ‘–S’Γ•Κ’¬‹¤a,,“ρ•ϋ ( Ό 10.2m φ“Ή Τϋ16.8m ) ( “μ 3m φ“Ή Τϋ22.1m ),“ssv‰ζ‹ζζO,‘ξ’n,–³w’θ,•½’R,—L ,•s—v,"Γ‰Ζ‚ ‚θ 

",‘¦,0105836-0002657,κ”Κ”}‰ξ,https://www.homes.co.jp/tochi/b-1058360002657/,”®‰οΠƒZƒNƒg ”„”ƒ‰c‹Ζ•”,–kC“Ή–k©s‚Ζ‚ρ“c“’¬404,1,‰ζ‘‚ ‚θ
"
800–‰~",–kC“Ή–k©s—ΞƒP‹u5’–Ϊ,560•½•ϋƒ[ƒgƒ‹ / 169.4’Ψ,http://local.google.co.jp/maps?q=–kC“Ή–k©s—ΞƒP‹u5’–Ϊ,,κ•ϋ ( “μ 6m φ“Ή Τϋ24m ),sX‰»‹ζζ,”¨,‘ζκνZ‹’nζ,-,—L ,•s—v,"Γ‰Ζ‚ ‚θ 

",‘’k,3702164-0000331,κ”C”}‰ξ,https://www.homes.co.jp/tochi/b-37021640000331/,”®‰οΠ‚µ‚λ‚­‚ά•¨Η—@ƒCƒGƒXƒe[ƒVƒ‡ƒ“–k©“X,–kC“Ή–k©s‘ε’Κ“‚T’–Ϊ4”Τ’n1,1,‰ζ‘‚ ‚θ
"
850–‰~",–kC“Ή¬’Ms—Ξ2’–Ϊ38-27,373.51•½•ϋƒ[ƒgƒ‹ (φ•λ) / 112.98’Ψ,http://local.google.co.jp/maps?q=–kC“Ή¬’Ms—Ξ2’–Ϊ38-27,,κ•ϋ ( –k“ 7.3m φ“Ή Τϋ24.7m ),sX‰»‹ζζ,‘ξ’n,‘ζκν’†‚‘wZ‹κ—p’nζ,-,—L ,•s—v,"Γ‰Ζ‚ ‚θ 

",‘’k,0138345-0000236,κ”C”}‰ξ,https://www.homes.co.jp/tochi/b-1383450000236/,–Ύa’n‚Μ’‡‰ξ@D–y“X@–Ύa’n”®‰οΠ,–kC“ΉD–ys’†‰›‹ζ–kκπΌ‚Q’–Ϊ1”Τ’n@D–yv‘δƒrƒ‹1K,1,‰ζ‘‚ ‚θ
"
980–‰~",–kC“ΉD–ysθξ‹ζ‘O“c”π18’–Ϊ,113.02•½•ϋƒ[ƒgƒ‹ (φ•λ) / 34.18’Ψ,http://local.google.co.jp/maps?q=–kC“ΉD–ysθξ‹ζ‘O“c”π18’–Ϊ,,κ•ϋ ( “μΌ 8m φ“Ή Τϋ8.4m ),sX‰»‹ζζ,‘ξ’n,‘ζκν’α‘wZ‹κ—p’nζ,•½’R,—L ,•s—v,"Γ‰Ζ‚ ‚θX’nψ“n‰Β 

",‘’k,3228203-0000363,κ”Κ”}‰ξ,https://www.homes.co.jp/tochi/b-32282030000363/,”®‰οΠSUMiTAS@SUMiTASD–yΌ“X,–kC“ΉD–ysθξ‹ζV”­¦άπ‚S’–Ϊ1-1,1,‰ζ‘‚ ‚θ
"
700–‰~",–kC“Ή]•Κsγ]•Κ“’¬,228.29•½•ϋƒ[ƒgƒ‹ / 69.05’Ψ,http://local.google.co.jp/maps?q=–kC“Ή]•Κsγ]•Κ“’¬,,p’n ( –k“ 6m φ“Ή Τϋ18m ) ( –kΌ 6m φ“Ή Τϋ4.8m ),sX‰»‹ζζ,‘ξ’n,‘ζκν’α‘wZ‹κ—p’nζ,-,—L ,•s—v,"Γ‰Ζ‚ ‚θ 

",‘’k,0129645-0000361,κ”Κ”}‰ξ,https://www.homes.co.jp/tochi/b-1296450000361/,”®‰οΠ“y‰®ƒz[ƒ€•s“®Y@V‚³‚Α‚Ϋ‚λx“X,–kC“ΉD–ysϊ•Κ‹ζϊ•Κ“μ‚P’–Ϊ18-1,1,‰ζ‘‚ ‚θ
"
880–‰~",–kC“Ή‰ΝΌS‰θΊ’¬““ρπ5’–Ϊ,244.62•½•ϋƒ[ƒgƒ‹ (φ•λ) / 73.99’Ψ,http://local.google.co.jp/maps?q=–kC“Ή‰ΝΌS‰θΊ’¬““ρπ5’–Ϊ,,κ•ϋ ( Ό ),sX‰»‹ζζ,‘ξ’n,‘ζ“ρνZ‹’nζ,-,—L ,•s—v,"Γ‰Ζ‚ ‚θX’nψ“n‰Β 

",‘’k,0141967-0000440,κ”Κ”}‰ξ,https://www.homes.co.jp/tochi/b-1419670000440/,ƒnƒEƒXƒhƒD@”’’’Κ@ƒhƒbƒgƒRƒ€•s“®Y”®‰οΠ,–kC“Ή‘ΡLsΌ\”π“μ‚R’–Ϊ26”Τ16†,1,‰ζ‘‚ ‚θ
"
480–‰~",–kC“Ή¬’Msχ3’–Ϊ,242.7•½•ϋƒ[ƒgƒ‹ (φ•λ) / 73.41’Ψ,http://local.google.co.jp/maps?q=–kC“Ή¬’Msχ3’–Ϊ,,κ•ϋ ( –kΌ 11m φ“Ή Τϋ11.6m ),sX‰»‹ζζ,‘ξ’n,‘ζκν’†‚‘wZ‹κ—p’nζ,-,—L ,•s—v,"Γ‰Ζ‚ ‚θ 

",‘¦,3902997-0002612,κ”Κ”}‰ξ,https://www.homes.co.jp/tochi/b-39029970002612/,ƒWƒ“•s“®Y”Μ”„”®‰οΠ,–kC“ΉD–ys“μ‹ζμlπ‚P’–Ϊ1”Τ40†,1,‰ζ‘‚ ‚θ
"
990–‰~",–kC“Ή‘ΡLsΛ“c’¬,297.76•½•ϋƒ[ƒgƒ‹ (φ•λ) / 90.07’Ψ,http://local.google.co.jp/maps?q=–kC“Ή‘ΡLsΛ“c’¬,,κ•ϋ ( “μ 6.3m φ“Ή Τϋ11.3m ),sX‰»‹ζζ,‘ξ’n,‘ζκνZ‹’nζ,-,—L ,•s—v,"Γ‰Ζ‚ ‚θX’nψ“n‰Β 

",‘’k,0141967-0000420,κ‘®κ”C”}‰ξ,https://www.homes.co.jp/tochi/b-1419670000420/,ƒnƒEƒXƒhƒD@”’’’Κ@ƒhƒbƒgƒRƒ€•s“®Y”®‰οΠ,–kC“Ή‘ΡLsΌ\”π“μ‚R’–Ϊ26”Τ16†,1,‰ζ‘‚ ‚θ
"
540–‰~",–kC“Ή»μs“κπ–k15’–Ϊ553-1(‘Ό2•M),"1,998•½•ϋƒ[ƒgƒ‹ (φ•λ) / 604.39’Ψ",http://local.google.co.jp/maps?q=–kC“Ή»μs“κπ–k15’–Ϊ553-1(‘Ό2•M),,κ•ϋ ( Ό 27m φ“Ή ),”ρόψ‹ζζ,”¨,€Z‹’nζ,•½’R,—L ,•s—v,"Γ‰Ζ‚ ‚θ 

","‘’k
i”_’n‚Ι‚Β‚«—v‚Tπ“]—p‹–‰Β\Ώj",0107156-0000503,κ”C”}‰ξ,https://www.homes.co.jp/tochi/b-1071560000503/,”®‰οΠƒTƒƒPƒ“@»μx“X,–kC“Ή»μs‹σ’m‘Ύ“κπ‚S’–Ϊ1-19-11,1,‰ζ‘‚ ‚θ
